Run,ReleaseDate,LoadDate,spots,bases,spots_with_mates,avgLength,size_MB,AssemblyName,download_path,Experiment,LibraryName,LibraryStrategy,LibrarySelection,LibrarySource,LibraryLayout,InsertSize,InsertDev,Platform,Model,SRAStudy,BioProject,Study_Pubmed_id,ProjectID,Sample,BioSample,TaxID,ScientificName,SampleName,g1k_pop_code,source,g1k_analysis_group,Subject_ID,Sex,Disease,Tumor,Affection_Status,Analyte_Type,Histological_Type,Body_Site,CenterName,Submission,dbgap_study_accession,Consent,RunHash,ReadHash
SRR490971,2013-08-12 09:14:56,2013-08-12 09:14:56,38896352,3889635200,0,100,2517,,ftp://ftp-trace.ncbi.nlm.nih.gov/sra/sra-instant/reads/ByRun/sra/SRR/SRR490/SRR490971/SRR490971.sra,SRX144350,GSM922156: 4-cell embryo#3 -Cell#3,RNA-Seq,cDNA,TRANSCRIPTOMIC,SINGLE,0,0,ILLUMINA,Illumina HiSeq 2000,SRP011546,GSE36552,23934149,153427,SRS310941,SAMN00989125,9606,Homo sapiens,GSM922156,,,,,,,no,,,,,GEO,SRA050912,,public,A4E89079B1AF3BF11E80DC74E63EC0D7,0676D172940728ABDBDABE24E7EF01F9
SRR490972,2013-08-12 09:14:56,2013-08-12 09:14:56,58235449,5823544900,0,100,3759,,ftp://ftp-trace.ncbi.nlm.nih.gov/sra/sra-instant/reads/ByRun/sra/SRR/SRR490/SRR490972/SRR490972.sra,SRX144351,GSM922157: 4-cell embryo#3 -Cell#4,RNA-Seq,cDNA,TRANSCRIPTOMIC,SINGLE,0,0,ILLUMINA,Illumina HiSeq 2000,SRP011546,GSE36552,23934149,153427,SRS310942,SAMN00989126,9606,Homo sapiens,GSM922157,,,,,,,no,,,,,GEO,SRA050912,,public,0256F906CFCDCD73E0244DF5678ACA11,DE50975F1847B7F8B223E5E4226AB39F
SRR490973,2013-08-12 09:14:56,2013-08-12 09:14:56,31911442,3191144200,0,100,2001,,ftp://ftp-trace.ncbi.nlm.nih.gov/sra/sra-instant/reads/ByRun/sra/SRR/SRR490/SRR490973/SRR490973.sra,SRX144352,GSM922158: 8-cell embryo#1 -Cell#1,RNA-Seq,cDNA,TRANSCRIPTOMIC,SINGLE,0,0,ILLUMINA,Illumina HiSeq 2000,SRP011546,GSE36552,23934149,153427,SRS310943,SAMN00989127,9606,Homo sapiens,GSM922158,,,,,,,no,,,,,GEO,SRA050912,,public,18589EC474654901CFA435E6C45B7A40,9293686BF2ED6E500F87CD3A76D0B96F
SRR490974,2013-08-12 09:14:56,2013-08-12 09:14:56,30282390,3028239000,0,100,1892,,ftp://ftp-trace.ncbi.nlm.nih.gov/sra/sra-instant/reads/ByRun/sra/SRR/SRR490/SRR490974/SRR490974.sra,SRX144353,GSM922159: 8-cell embryo#1 -Cell#2,RNA-Seq,cDNA,TRANSCRIPTOMIC,SINGLE,0,0,ILLUMINA,Illumina HiSeq 2000,SRP011546,GSE36552,23934149,153427,SRS310944,SAMN00989128,9606,Homo sapiens,GSM922159,,,,,,,no,,,,,GEO,SRA050912,,public,946F40947A8E77990F2C43D3363497C2,536511DB26C1A9CF48ED90C35EBB2964
SRR490975,2013-08-12 09:14:56,2013-08-12 09:14:56,33565816,3356581600,0,100,2040,,ftp://ftp-trace.ncbi.nlm.nih.gov/sra/sra-instant/reads/ByRun/sra/SRR/SRR490/SRR490975/SRR490975.sra,SRX144354,GSM922160: 8-cell embryo#1 -Cell#3,RNA-Seq,cDNA,TRANSCRIPTOMIC,SINGLE,0,0,ILLUMINA,Illumina HiSeq 2000,SRP011546,GSE36552,23934149,153427,SRS310945,SAMN00989129,9606,Homo sapiens,GSM922160,,,,,,,no,,,,,GEO,SRA050912,,public,85887749FD169438CE1772F54CF79542,681B8F88FFA84C2432F0F42E76B0CB3A
SRR490976,2013-08-12 09:14:56,2013-08-12 09:14:56,33261944,3326194400,0,100,2134,,ftp://ftp-trace.ncbi.nlm.nih.gov/sra/sra-instant/reads/ByRun/sra/SRR/SRR490/SRR490976/SRR490976.sra,SRX144355,GSM922161: 8-cell embryo#1 -Cell#4,RNA-Seq,cDNA,TRANSCRIPTOMIC,SINGLE,0,0,ILLUMINA,Illumina HiSeq 2000,SRP011546,GSE36552,23934149,153427,SRS310946,SAMN00989130,9606,Homo sapiens,GSM922161,,,,,,,no,,,,,GEO,SRA050912,,public,2D16FBE5058BE1087C85D51F304B4E3C,77D80128341DA96B4EE21294C8D4F026
SRR490977,2013-08-12 09:14:56,2013-08-12 09:14:56,27602538,2760253800,0,100,1759,,ftp://ftp-trace.ncbi.nlm.nih.gov/sra/sra-instant/reads/ByRun/sra/SRR/SRR490/SRR490977/SRR490977.sra,SRX144356,GSM922162: 8-cell embryo#2 -Cell#1,RNA-Seq,cDNA,TRANSCRIPTOMIC,SINGLE,0,0,ILLUMINA,Illumina HiSeq 2000,SRP011546,GSE36552,23934149,153427,SRS310947,SAMN00989131,9606,Homo sapiens,GSM922162,,,,,,,no,,,,,GEO,SRA050912,,public,C3228154115D7CD387C9330D7C50F7D2,10C2712C3B3DD4D3E622F81C2F5ABD22
SRR490978,2013-08-12 09:14:56,2013-08-12 09:14:56,32482770,3248277000,0,100,2045,,ftp://ftp-trace.ncbi.nlm.nih.gov/sra/sra-instant/reads/ByRun/sra/SRR/SRR490/SRR490978/SRR490978.sra,SRX144357,GSM922163: 8-cell embryo#2 -Cell#2,RNA-Seq,cDNA,TRANSCRIPTOMIC,SINGLE,0,0,ILLUMINA,Illumina HiSeq 2000,SRP011546,GSE36552,23934149,153427,SRS310948,SAMN00989132,9606,Homo sapiens,GSM922163,,,,,,,no,,,,,GEO,SRA050912,,public,76EE2C4DD4D44BF9A11095668B90780B,CCE6A33803C133CF357F3BF6DA59CBC2
SRR490979,2013-08-12 09:14:56,2013-08-12 09:14:56,28271452,2827145200,0,100,1777,,ftp://ftp-trace.ncbi.nlm.nih.gov/sra/sra-instant/reads/ByRun/sra/SRR/SRR490/SRR490979/SRR490979.sra,SRX144358,GSM922164: 8-cell embryo#2 -Cell#3,RNA-Seq,cDNA,TRANSCRIPTOMIC,SINGLE,0,0,ILLUMINA,Illumina HiSeq 2000,SRP011546,GSE36552,23934149,153427,SRS310949,SAMN00989133,9606,Homo sapiens,GSM922164,,,,,,,no,,,,,GEO,SRA050912,,public,95171D32DAB93B31C697F9451B94E831,68EE12ED35D4B3F0B97A55D7C1BEBF1E
SRR490980,2013-08-12 09:14:56,2013-08-12 09:14:56,31915232,3191523200,0,100,2028,,ftp://ftp-trace.ncbi.nlm.nih.gov/sra/sra-instant/reads/ByRun/sra/SRR/SRR490/SRR490980/SRR490980.sra,SRX144359,GSM922165: 8-cell embryo#2 -Cell#4,RNA-Seq,cDNA,TRANSCRIPTOMIC,SINGLE,0,0,ILLUMINA,Illumina HiSeq 2000,SRP011546,GSE36552,23934149,153427,SRS310950,SAMN00989134,9606,Homo sapiens,GSM922165,,,,,,,no,,,,,GEO,SRA050912,,public,F494B03521FFD91B284D0CDD6D3A81F1,51D4BD261DBE484EF6E0C0E3BD724502
SRR490981,2013-08-12 09:14:56,2013-08-12 09:14:56,34098900,3409890000,0,100,2130,,ftp://ftp-trace.ncbi.nlm.nih.gov/sra/sra-instant/reads/ByRun/sra/SRR/SRR490/SRR490981/SRR490981.sra,SRX144360,GSM922166: 8-cell embryo#2 -Cell#5,RNA-Seq,cDNA,TRANSCRIPTOMIC,SINGLE,0,0,ILLUMINA,Illumina HiSeq 2000,SRP011546,GSE36552,23934149,153427,SRS310951,SAMN00989135,9606,Homo sapiens,GSM922166,,,,,,,no,,,,,GEO,SRA050912,,public,79DE52D97D89B16472F70E74DB9D71CE,B5D374694BFA74638CA5A2C998271C73
SRR490982,2013-08-12 09:14:56,2013-08-12 09:14:56,32376268,3237626800,0,100,2020,,ftp://ftp-trace.ncbi.nlm.nih.gov/sra/sra-instant/reads/ByRun/sra/SRR/SRR490/SRR490982/SRR490982.sra,SRX144361,GSM922167: 8-cell embryo#2 -Cell#6,RNA-Seq,cDNA,TRANSCRIPTOMIC,SINGLE,0,0,ILLUMINA,Illumina HiSeq 2000,SRP011546,GSE36552,23934149,153427,SRS310952,SAMN00989136,9606,Homo sapiens,GSM922167,,,,,,,no,,,,,GEO,SRA050912,,public,2330699A3BFEBEEA8F31B4F91D225912,BC5B5BA2A6C966A3EE7E12938DF38C81
SRR490983,2013-08-12 09:14:56,2013-08-12 09:14:56,19792800,1979280000,0,100,1245,,ftp://ftp-trace.ncbi.nlm.nih.gov/sra/sra-instant/reads/ByRun/sra/SRR/SRR490/SRR490983/SRR490983.sra,SRX144362,GSM922168: 8-cell embryo#2 -Cell#7,RNA-Seq,cDNA,TRANSCRIPTOMIC,SINGLE,0,0,ILLUMINA,Illumina HiSeq 2000,SRP011546,GSE36552,23934149,153427,SRS310953,SAMN00989137,9606,Homo sapiens,GSM922168,,,,,,,no,,,,,GEO,SRA050912,,public,970808A2A283F5A171196D91E909C332,8D5045E1BF3E81800ADDBCBF456AFAF4
SRR490984,2013-08-12 09:14:56,2013-08-12 09:14:56,22364554,2236455400,0,100,1408,,ftp://ftp-trace.ncbi.nlm.nih.gov/sra/sra-instant/reads/ByRun/sra/SRR/SRR490/SRR490984/SRR490984.sra,SRX144363,GSM922169: 8-cell embryo#2 -Cell#8,RNA-Seq,cDNA,TRANSCRIPTOMIC,SINGLE,0,0,ILLUMINA,Illumina HiSeq 2000,SRP011546,GSE36552,23934149,153427,SRS310954,SAMN00989138,9606,Homo sapiens,GSM922169,,,,,,,no,,,,,GEO,SRA050912,,public,E312033B9715BA16F9C92CC9031A766C,F179B204168FA5D2A7B61337A2BF3DD7
SRR490985,2013-08-12 09:14:56,2013-08-12 09:14:56,47990468,4799046800,0,100,3048,,ftp://ftp-trace.ncbi.nlm.nih.gov/sra/sra-instant/reads/ByRun/sra/SRR/SRR490/SRR490985/SRR490985.sra,SRX144364,GSM922170: 8-cell embryo#3 -Cell#1,RNA-Seq,cDNA,TRANSCRIPTOMIC,SINGLE,0,0,ILLUMINA,Illumina HiSeq 2000,SRP011546,GSE36552,23934149,153427,SRS310955,SAMN00989139,9606,Homo sapiens,GSM922170,,,,,,,no,,,,,GEO,SRA050912,,public,1D428F69E10D5B46768ED7AAFA3260BB,2D3DF523BAB39640FA7B7103ED7D4FCC
SRR490986,2013-08-12 09:14:56,2013-08-12 09:14:56,42243898,4224389800,0,100,2685,,ftp://ftp-trace.ncbi.nlm.nih.gov/sra/sra-instant/reads/ByRun/sra/SRR/SRR490/SRR490986/SRR490986.sra,SRX144365,GSM922171: 8-cell embryo#3 -Cell#2,RNA-Seq,cDNA,TRANSCRIPTOMIC,SINGLE,0,0,ILLUMINA,Illumina HiSeq 2000,SRP011546,GSE36552,23934149,153427,SRS310956,SAMN00989140,9606,Homo sapiens,GSM922171,,,,,,,no,,,,,GEO,SRA050912,,public,3D4B9DA4085D7E3F341F5D2B0F123A32,59EB7E7A3230E85A60F9D74BAEA128AD
SRR490987,2013-08-12 09:14:56,2013-08-12 09:14:56,36089791,3608979100,0,100,2281,,ftp://ftp-trace.ncbi.nlm.nih.gov/sra/sra-instant/reads/ByRun/sra/SRR/SRR490/SRR490987/SRR490987.sra,SRX144366,GSM922172: 8-cell embryo#3 -Cell#3,RNA-Seq,cDNA,TRANSCRIPTOMIC,SINGLE,0,0,ILLUMINA,Illumina HiSeq 2000,SRP011546,GSE36552,23934149,153427,SRS310957,SAMN00989141,9606,Homo sapiens,GSM922172,,,,,,,no,,,,,GEO,SRA050912,,public,295945D8A7E5CBF8008DDDACB81A4DC8,38487B72798C817FC66F697D6A781F8A
SRR490988,2013-08-12 09:14:56,2013-08-12 09:14:56,48887034,4888703400,0,100,3101,,ftp://ftp-trace.ncbi.nlm.nih.gov/sra/sra-instant/reads/ByRun/sra/SRR/SRR490/SRR490988/SRR490988.sra,SRX144367,GSM922173: 8-cell embryo#3 -Cell#4,RNA-Seq,cDNA,TRANSCRIPTOMIC,SINGLE,0,0,ILLUMINA,Illumina HiSeq 2000,SRP011546,GSE36552,23934149,153427,SRS310958,SAMN00989142,9606,Homo sapiens,GSM922173,,,,,,,no,,,,,GEO,SRA050912,,public,58B98FACF4FE980FD454150BA6BBAB9A,AA74F2B2E9B2225BF83E33365FAC222A
SRR490989,2013-08-12 09:14:56,2013-08-12 09:14:56,42851497,4285149700,0,100,2730,,ftp://ftp-trace.ncbi.nlm.nih.gov/sra/sra-instant/reads/ByRun/sra/SRR/SRR490/SRR490989/SRR490989.sra,SRX144368,GSM922174: 8-cell embryo#3 -Cell#5,RNA-Seq,cDNA,TRANSCRIPTOMIC,SINGLE,0,0,ILLUMINA,Illumina HiSeq 2000,SRP011546,GSE36552,23934149,153427,SRS310959,SAMN00989143,9606,Homo sapiens,GSM922174,,,,,,,no,,,,,GEO,SRA050912,,public,6BA1257BE16DD859ABDF601D84AD569E,29248AE33617A6AC4A69B86825096D3F
SRR490990,2013-08-12 09:14:56,2013-08-12 09:14:56,47500857,4750085700,0,100,3031,,ftp://ftp-trace.ncbi.nlm.nih.gov/sra/sra-instant/reads/ByRun/sra/SRR/SRR490/SRR490990/SRR490990.sra,SRX144369,GSM922175: 8-cell embryo#3 -Cell#6,RNA-Seq,cDNA,TRANSCRIPTOMIC,SINGLE,0,0,ILLUMINA,Illumina HiSeq 2000,SRP011546,GSE36552,23934149,153427,SRS310960,SAMN00989144,9606,Homo sapiens,GSM922175,,,,,,,no,,,,,GEO,SRA050912,,public,A7920DA001D36486F31266440C4A6632,E7BE19BF023FFD5D98A859DAA468B8D6
SRR490991,2013-08-12 09:14:56,2013-08-12 09:14:56,33545010,3354501000,0,100,2120,,ftp://ftp-trace.ncbi.nlm.nih.gov/sra/sra-instant/reads/ByRun/sra/SRR/SRR490/SRR490991/SRR490991.sra,SRX144370,GSM922176: 8-cell embryo#3 -Cell#7,RNA-Seq,cDNA,TRANSCRIPTOMIC,SINGLE,0,0,ILLUMINA,Illumina HiSeq 2000,SRP011546,GSE36552,23934149,153427,SRS310961,SAMN00989145,9606,Homo sapiens,GSM922176,,,,,,,no,,,,,GEO,SRA050912,,public,540568014358C5AE99EDEDD35EEC2F7D,15D9D3E333D425C35D6050DBB69099CF
SRR490992,2013-08-12 09:14:56,2013-08-12 09:14:56,43263115,4326311500,0,100,2727,,ftp://ftp-trace.ncbi.nlm.nih.gov/sra/sra-instant/reads/ByRun/sra/SRR/SRR490/SRR490992/SRR490992.sra,SRX144371,GSM922177: 8-cell embryo#3 -Cell#8,RNA-Seq,cDNA,TRANSCRIPTOMIC,SINGLE,0,0,ILLUMINA,Illumina HiSeq 2000,SRP011546,GSE36552,23934149,153427,SRS310962,SAMN00989146,9606,Homo sapiens,GSM922177,,,,,,,no,,,,,GEO,SRA050912,,public,F7A98D34299D182D60872DAF4AF24CF1,5D0B2C259801A5705076580F8E68A538
SRR490993,2013-08-12 09:14:56,2013-08-12 09:14:56,44585235,4458523500,0,100,2873,,ftp://ftp-trace.ncbi.nlm.nih.gov/sra/sra-instant/reads/ByRun/sra/SRR/SRR490/SRR490993/SRR490993.sra,SRX144372,GSM922178: Morulae #1 -Cell#1,RNA-Seq,cDNA,TRANSCRIPTOMIC,SINGLE,0,0,ILLUMINA,Illumina HiSeq 2000,SRP011546,GSE36552,23934149,153427,SRS310963,SAMN00989147,9606,Homo sapiens,GSM922178,,,,,,,no,,,,,GEO,SRA050912,,public,04D68C3BAE26DE9FCAA99B9318A510CC,2ABA16B573FA0808772542FF4C1C751D
SRR490994,2013-08-12 09:14:56,2013-08-12 09:14:56,28690806,2869080600,0,100,1856,,ftp://ftp-trace.ncbi.nlm.nih.gov/sra/sra-instant/reads/ByRun/sra/SRR/SRR490/SRR490994/SRR490994.sra,SRX144373,GSM922179: Morulae #1 -Cell#2,RNA-Seq,cDNA,TRANSCRIPTOMIC,SINGLE,0,0,ILLUMINA,Illumina HiSeq 2000,SRP011546,GSE36552,23934149,153427,SRS310964,SAMN00989148,9606,Homo sapiens,GSM922179,,,,,,,no,,,,,GEO,SRA050912,,public,FC391323316AAD4887C5CE61B83FFC9A,E52166EA812ED927F5D7D97E94CF888B
SRR490995,2013-08-12 09:14:56,2013-08-12 09:14:56,27850586,2785058600,0,100,1801,,ftp://ftp-trace.ncbi.nlm.nih.gov/sra/sra-instant/reads/ByRun/sra/SRR/SRR490/SRR490995/SRR490995.sra,SRX144374,GSM922180: Morulae #1 -Cell#3,RNA-Seq,cDNA,TRANSCRIPTOMIC,SINGLE,0,0,ILLUMINA,Illumina HiSeq 2000,SRP011546,GSE36552,23934149,153427,SRS310965,SAMN00989149,9606,Homo sapiens,GSM922180,,,,,,,no,,,,,GEO,SRA050912,,public,59F86826083378EEA7DFC6518246E7DE,1AE8466440A555F45BB762698FECFCF5
SRR490996,2013-08-12 09:14:56,2013-08-12 09:14:56,39065873,3906587300,0,100,2516,,ftp://ftp-trace.ncbi.nlm.nih.gov/sra/sra-instant/reads/ByRun/sra/SRR/SRR490/SRR490996/SRR490996.sra,SRX144375,GSM922181: Morulae #1 -Cell#4,RNA-Seq,cDNA,TRANSCRIPTOMIC,SINGLE,0,0,ILLUMINA,Illumina HiSeq 2000,SRP011546,GSE36552,23934149,153427,SRS310966,SAMN00989150,9606,Homo sapiens,GSM922181,,,,,,,no,,,,,GEO,SRA050912,,public,348F52EB33CBC4A1E69BD447DE504718,2C374DC0FDFE8AE270590466F1D1CD71
SRR490997,2013-08-12 09:14:56,2013-08-12 09:14:56,33894431,3389443100,0,100,2199,,ftp://ftp-trace.ncbi.nlm.nih.gov/sra/sra-instant/reads/ByRun/sra/SRR/SRR490/SRR490997/SRR490997.sra,SRX144376,GSM922182: Morulae #1 -Cell#5,RNA-Seq,cDNA,TRANSCRIPTOMIC,SINGLE,0,0,ILLUMINA,Illumina HiSeq 2000,SRP011546,GSE36552,23934149,153427,SRS310967,SAMN00989151,9606,Homo sapiens,GSM922182,,,,,,,no,,,,,GEO,SRA050912,,public,755B17494E3280B4A5BA1DD92F34925C,398AC09C4F1C760EC5F893EAF7DA6B57
SRR490998,2013-08-12 09:14:56,2013-08-12 09:14:56,29489887,2948988700,0,100,1900,,ftp://ftp-trace.ncbi.nlm.nih.gov/sra/sra-instant/reads/ByRun/sra/SRR/SRR490/SRR490998/SRR490998.sra,SRX144377,GSM922183: Morulae #1 -Cell#6,RNA-Seq,cDNA,TRANSCRIPTOMIC,SINGLE,0,0,ILLUMINA,Illumina HiSeq 2000,SRP011546,GSE36552,23934149,153427,SRS310968,SAMN00989152,9606,Homo sapiens,GSM922183,,,,,,,no,,,,,GEO,SRA050912,,public,04E87A929B46A45E1AF4A4F3A6AD4CB3,DFF1D3D7BA31E4A5D953CC7557426E10
SRR490999,2013-08-12 09:14:56,2013-08-12 09:14:56,24327382,2432738200,0,100,1570,,ftp://ftp-trace.ncbi.nlm.nih.gov/sra/sra-instant/reads/ByRun/sra/SRR/SRR490/SRR490999/SRR490999.sra,SRX144378,GSM922184: Morulae #1 -Cell#7,RNA-Seq,cDNA,TRANSCRIPTOMIC,SINGLE,0,0,ILLUMINA,Illumina HiSeq 2000,SRP011546,GSE36552,23934149,153427,SRS310969,SAMN00989153,9606,Homo sapiens,GSM922184,,,,,,,no,,,,,GEO,SRA050912,,public,5AC98EC3CFA4E988D09B0DE4B2C3C1D6,82D7ECC8DB0443ED69B41DF5E7356366
SRR491000,2013-08-12 09:14:56,2013-08-12 09:14:56,29435822,2943582200,0,100,1916,,ftp://ftp-trace.ncbi.nlm.nih.gov/sra/sra-instant/reads/ByRun/sra/SRR/SRR491/SRR491000/SRR491000.sra,SRX144379,GSM922185: Morulae #1 -Cell#8,RNA-Seq,cDNA,TRANSCRIPTOMIC,SINGLE,0,0,ILLUMINA,Illumina HiSeq 2000,SRP011546,GSE36552,23934149,153427,SRS310970,SAMN00989154,9606,Homo sapiens,GSM922185,,,,,,,no,,,,,GEO,SRA050912,,public,6435954778B1C1055D3B706D43BDB170,7E2643F8E2F14748A2D011EF477DE60E
SRR491001,2013-08-12 09:14:56,2013-08-12 09:14:56,39037531,3903753100,0,100,2400,,ftp://ftp-trace.ncbi.nlm.nih.gov/sra/sra-instant/reads/ByRun/sra/SRR/SRR491/SRR491001/SRR491001.sra,SRX144380,GSM922186: Morulae #2 -Cell#1,RNA-Seq,cDNA,TRANSCRIPTOMIC,SINGLE,0,0,ILLUMINA,Illumina HiSeq 2000,SRP011546,GSE36552,23934149,153427,SRS310971,SAMN00989155,9606,Homo sapiens,GSM922186,,,,,,,no,,,,,GEO,SRA050912,,public,662ED6D8438665453E7D853B8F5D53CC,E4821927AC764FCEA4AFD37AC5AB5DEB
SRR491002,2013-08-12 09:14:56,2013-08-12 09:14:56,37090751,3709075100,0,100,2307,,ftp://ftp-trace.ncbi.nlm.nih.gov/sra/sra-instant/reads/ByRun/sra/SRR/SRR491/SRR491002/SRR491002.sra,SRX144381,GSM922187: Morulae #2 -Cell#2,RNA-Seq,cDNA,TRANSCRIPTOMIC,SINGLE,0,0,ILLUMINA,Illumina HiSeq 2000,SRP011546,GSE36552,23934149,153427,SRS310972,SAMN00989156,9606,Homo sapiens,GSM922187,,,,,,,no,,,,,GEO,SRA050912,,public,661EEC0430731237BB52B2B116DEDCD8,BF8C5A60B13DD7CF3EABAB80B4251CC3
SRR491003,2013-08-12 09:14:56,2013-08-12 09:14:56,25135705,2513570500,0,100,1544,,ftp://ftp-trace.ncbi.nlm.nih.gov/sra/sra-instant/reads/ByRun/sra/SRR/SRR491/SRR491003/SRR491003.sra,SRX144382,GSM922188: Morulae #2 -Cell#3,RNA-Seq,cDNA,TRANSCRIPTOMIC,SINGLE,0,0,ILLUMINA,Illumina HiSeq 2000,SRP011546,GSE36552,23934149,153427,SRS310973,SAMN00989157,9606,Homo sapiens,GSM922188,,,,,,,no,,,,,GEO,SRA050912,,public,CE839E61122B1752830986DECEBD16DC,942429BF94E6FA016E8DB436AA50EC3C
SRR491004,2013-08-12 09:14:56,2013-08-12 09:14:56,41041777,4104177700,0,100,2554,,ftp://ftp-trace.ncbi.nlm.nih.gov/sra/sra-instant/reads/ByRun/sra/SRR/SRR491/SRR491004/SRR491004.sra,SRX144383,GSM922189: Morulae #2 -Cell#4,RNA-Seq,cDNA,TRANSCRIPTOMIC,SINGLE,0,0,ILLUMINA,Illumina HiSeq 2000,SRP011546,GSE36552,23934149,153427,SRS310974,SAMN00989158,9606,Homo sapiens,GSM922189,,,,,,,no,,,,,GEO,SRA050912,,public,4896CB049E688A03A32CA4F5F648B1BA,FDC4DB3D2FAF7BE25A9904DB5B2A3939
SRR491005,2013-08-12 09:14:56,2013-08-12 09:14:56,33698770,3369877000,0,100,2097,,ftp://ftp-trace.ncbi.nlm.nih.gov/sra/sra-instant/reads/ByRun/sra/SRR/SRR491/SRR491005/SRR491005.sra,SRX144384,GSM922190: Morulae #2 -Cell#5,RNA-Seq,cDNA,TRANSCRIPTOMIC,SINGLE,0,0,ILLUMINA,Illumina HiSeq 2000,SRP011546,GSE36552,23934149,153427,SRS310975,SAMN00989159,9606,Homo sapiens,GSM922190,,,,,,,no,,,,,GEO,SRA050912,,public,147F71C88EF098FF8BE9FFDBE0B72679,7AAA42DD2D07448B46643671D5599425
SRR491006,2013-08-12 09:14:56,2013-08-12 09:14:56,36456083,3645608300,0,100,2252,,ftp://ftp-trace.ncbi.nlm.nih.gov/sra/sra-instant/reads/ByRun/sra/SRR/SRR491/SRR491006/SRR491006.sra,SRX144385,GSM922191: Morulae #2 -Cell#6,RNA-Seq,cDNA,TRANSCRIPTOMIC,SINGLE,0,0,ILLUMINA,Illumina HiSeq 2000,SRP011546,GSE36552,23934149,153427,SRS310976,SAMN00989160,9606,Homo sapiens,GSM922191,,,,,,,no,,,,,GEO,SRA050912,,public,37A40837E84DCDEE1450B7A8F74D1278,6960B5BFA2B68E30EE171694D4CC6A19
SRR491007,2013-08-12 09:14:56,2013-08-12 09:14:56,26736090,2673609000,0,100,1626,,ftp://ftp-trace.ncbi.nlm.nih.gov/sra/sra-instant/reads/ByRun/sra/SRR/SRR491/SRR491007/SRR491007.sra,SRX144386,GSM922192: Morulae #2 -Cell#7,RNA-Seq,cDNA,TRANSCRIPTOMIC,SINGLE,0,0,ILLUMINA,Illumina HiSeq 2000,SRP011546,GSE36552,23934149,153427,SRS310977,SAMN00989161,9606,Homo sapiens,GSM922192,,,,,,,no,,,,,GEO,SRA050912,,public,D7D530CE3F3BCDBE619622A280DC2D81,C0E64251336D3EC325E4FC324FE3A8CC
SRR491008,2013-08-12 09:14:56,2013-08-12 09:14:56,36989021,3698902100,0,100,2235,,ftp://ftp-trace.ncbi.nlm.nih.gov/sra/sra-instant/reads/ByRun/sra/SRR/SRR491/SRR491008/SRR491008.sra,SRX144387,GSM922193: Morulae #2 -Cell#8,RNA-Seq,cDNA,TRANSCRIPTOMIC,SINGLE,0,0,ILLUMINA,Illumina HiSeq 2000,SRP011546,GSE36552,23934149,153427,SRS310978,SAMN00989162,9606,Homo sapiens,GSM922193,,,,,,,no,,,,,GEO,SRA050912,,public,6354C52775F546DDD7F5B3A1E8DA2DDB,8C2394E1E681EB6AFFB7DB0C008E244F
SRR491009,2013-08-12 09:14:56,2013-08-12 09:14:56,44798733,4479873300,0,100,2945,,ftp://ftp-trace.ncbi.nlm.nih.gov/sra/sra-instant/reads/ByRun/sra/SRR/SRR491/SRR491009/SRR491009.sra,SRX144388,GSM922194: Late blastocyst #1 -Cell#1,RNA-Seq,cDNA,TRANSCRIPTOMIC,SINGLE,0,0,ILLUMINA,Illumina HiSeq 2000,SRP011546,GSE36552,23934149,153427,SRS310979,SAMN00989163,9606,Homo sapiens,GSM922194,,,,,,,no,,,,,GEO,SRA050912,,public,7249920CE4AC0518F763205930E02EED,3484E8391ADBAF55B41CDC6AADC94E21
SRR491010,2013-08-12 09:14:56,2013-08-12 09:14:56,21392946,2139294600,0,100,1409,,ftp://ftp-trace.ncbi.nlm.nih.gov/sra/sra-instant/reads/ByRun/sra/SRR/SRR491/SRR491010/SRR491010.sra,SRX144389,GSM922195: Late blastocyst #1 -Cell#2,RNA-Seq,cDNA,TRANSCRIPTOMIC,SINGLE,0,0,ILLUMINA,Illumina HiSeq 2000,SRP011546,GSE36552,23934149,153427,SRS310980,SAMN00989164,9606,Homo sapiens,GSM922195,,,,,,,no,,,,,GEO,SRA050912,,public,9E73B8A16FDC0DDF23CAF9E187FD6E96,7902CD2778332FDE97E290F07DCFB501
SRR491011,2013-08-12 09:14:56,2013-08-12 09:14:56,33286654,3328665400,0,100,2159,,ftp://ftp-trace.ncbi.nlm.nih.gov/sra/sra-instant/reads/ByRun/sra/SRR/SRR491/SRR491011/SRR491011.sra,SRX144390,GSM922196: Late blastocyst #1 -Cell#3,RNA-Seq,cDNA,TRANSCRIPTOMIC,SINGLE,0,0,ILLUMINA,Illumina HiSeq 2000,SRP011546,GSE36552,23934149,153427,SRS310981,SAMN00989165,9606,Homo sapiens,GSM922196,,,,,,,no,,,,,GEO,SRA050912,,public,961129C273F2A267C37CCF7F9A7BEC3F,E432EBE9662EDBE46D8655464A9B6882
SRR491012,2013-08-12 09:14:56,2013-08-12 09:14:56,36693969,3669396900,0,100,2417,,ftp://ftp-trace.ncbi.nlm.nih.gov/sra/sra-instant/reads/ByRun/sra/SRR/SRR491/SRR491012/SRR491012.sra,SRX144391,GSM922197: Late blastocyst #1 -Cell#4,RNA-Seq,cDNA,TRANSCRIPTOMIC,SINGLE,0,0,ILLUMINA,Illumina HiSeq 2000,SRP011546,GSE36552,23934149,153427,SRS310982,SAMN00989166,9606,Homo sapiens,GSM922197,,,,,,,no,,,,,GEO,SRA050912,,public,59CB46AC3539CA5DE3D3880C72683F4E,C8202FC5A1121DFF79637066CAB77BEB
SRR491013,2013-08-12 09:14:56,2013-08-12 09:14:56,33877559,3387755900,0,100,2230,,ftp://ftp-trace.ncbi.nlm.nih.gov/sra/sra-instant/reads/ByRun/sra/SRR/SRR491/SRR491013/SRR491013.sra,SRX144392,GSM922198: Late blastocyst #1 -Cell#5,RNA-Seq,cDNA,TRANSCRIPTOMIC,SINGLE,0,0,ILLUMINA,Illumina HiSeq 2000,SRP011546,GSE36552,23934149,153427,SRS310983,SAMN00989167,9606,Homo sapiens,GSM922198,,,,,,,no,,,,,GEO,SRA050912,,public,780B50577F208F3F869E2B928459F3DB,C04180231A3FFE04994B40143D2F8469
SRR491014,2013-08-12 09:14:56,2013-08-12 09:14:56,24177697,2417769700,0,100,1595,,ftp://ftp-trace.ncbi.nlm.nih.gov/sra/sra-instant/reads/ByRun/sra/SRR/SRR491/SRR491014/SRR491014.sra,SRX144393,GSM922199: Late blastocyst #1 -Cell#6,RNA-Seq,cDNA,TRANSCRIPTOMIC,SINGLE,0,0,ILLUMINA,Illumina HiSeq 2000,SRP011546,GSE36552,23934149,153427,SRS310984,SAMN00989168,9606,Homo sapiens,GSM922199,,,,,,,no,,,,,GEO,SRA050912,,public,9AAE52B268B0A2F665454B27D7E4A7C7,E6E2400954E90BDA0F8CB2307D3BC8D2
SRR491015,2013-08-12 09:14:56,2013-08-12 09:14:56,32500760,3250076000,0,100,2148,,ftp://ftp-trace.ncbi.nlm.nih.gov/sra/sra-instant/reads/ByRun/sra/SRR/SRR491/SRR491015/SRR491015.sra,SRX144394,GSM922200: Late blastocyst #1 -Cell#7,RNA-Seq,cDNA,TRANSCRIPTOMIC,SINGLE,0,0,ILLUMINA,Illumina HiSeq 2000,SRP011546,GSE36552,23934149,153427,SRS310985,SAMN00989169,9606,Homo sapiens,GSM922200,,,,,,,no,,,,,GEO,SRA050912,,public,C8BB5EDB4A05DC6045196D3347CEF6F7,CE0A9D3A0A3067AC3B950ADF2015E502
SRR491016,2013-08-12 09:14:56,2013-08-12 09:14:56,28250519,2825051900,0,100,1862,,ftp://ftp-trace.ncbi.nlm.nih.gov/sra/sra-instant/reads/ByRun/sra/SRR/SRR491/SRR491016/SRR491016.sra,SRX144395,GSM922201: Late blastocyst #1 -Cell#8,RNA-Seq,cDNA,TRANSCRIPTOMIC,SINGLE,0,0,ILLUMINA,Illumina HiSeq 2000,SRP011546,GSE36552,23934149,153427,SRS310986,SAMN00989170,9606,Homo sapiens,GSM922201,,,,,,,no,,,,,GEO,SRA050912,,public,36545E71B3D4ED0D39E07B7869F0EBF9,2FC726D3BF62DA82F8A476FB777633A9
SRR491017,2013-08-12 09:14:56,2013-08-12 09:14:56,53804158,5380415800,0,100,3555,,ftp://ftp-trace.ncbi.nlm.nih.gov/sra/sra-instant/reads/ByRun/sra/SRR/SRR491/SRR491017/SRR491017.sra,SRX144396,GSM922202: Late blastocyst #1 -Cell#9,RNA-Seq,cDNA,TRANSCRIPTOMIC,SINGLE,0,0,ILLUMINA,Illumina HiSeq 2000,SRP011546,GSE36552,23934149,153427,SRS310987,SAMN00989171,9606,Homo sapiens,GSM922202,,,,,,,no,,,,,GEO,SRA050912,,public,DF22446AD753A70BFC39CBD32F968563,E5B4F1AE25E74A7E655C365E1778ABFC
SRR491018,2013-08-12 09:14:56,2013-08-12 09:14:56,26834187,2683418700,0,100,1777,,ftp://ftp-trace.ncbi.nlm.nih.gov/sra/sra-instant/reads/ByRun/sra/SRR/SRR491/SRR491018/SRR491018.sra,SRX144397,GSM922203: Late blastocyst #1 -Cell#10,RNA-Seq,cDNA,TRANSCRIPTOMIC,SINGLE,0,0,ILLUMINA,Illumina HiSeq 2000,SRP011546,GSE36552,23934149,153427,SRS310988,SAMN00989172,9606,Homo sapiens,GSM922203,,,,,,,no,,,,,GEO,SRA050912,,public,B8F9E25C6111410BD55AB7903B32141B,B4C98CE82B204638D99A3C286DBC2A7B
SRR491019,2013-08-12 09:14:56,2013-08-12 09:14:56,18049650,1804965000,0,100,1200,,ftp://ftp-trace.ncbi.nlm.nih.gov/sra/sra-instant/reads/ByRun/sra/SRR/SRR491/SRR491019/SRR491019.sra,SRX144398,GSM922204: Late blastocyst #1 -Cell#11,RNA-Seq,cDNA,TRANSCRIPTOMIC,SINGLE,0,0,ILLUMINA,Illumina HiSeq 2000,SRP011546,GSE36552,23934149,153427,SRS310989,SAMN00989173,9606,Homo sapiens,GSM922204,,,,,,,no,,,,,GEO,SRA050912,,public,DB5965BB170600BB04F8C51FA8E3B72C,2543FEF67896FD46BA400A1C596ED18F
SRR491020,2013-08-12 09:14:56,2013-08-12 09:14:56,22083970,2208397000,0,100,1453,,ftp://ftp-trace.ncbi.nlm.nih.gov/sra/sra-instant/reads/ByRun/sra/SRR/SRR491/SRR491020/SRR491020.sra,SRX144399,GSM922205: Late blastocyst #1 -Cell#12,RNA-Seq,cDNA,TRANSCRIPTOMIC,SINGLE,0,0,ILLUMINA,Illumina HiSeq 2000,SRP011546,GSE36552,23934149,153427,SRS310990,SAMN00989174,9606,Homo sapiens,GSM922205,,,,,,,no,,,,,GEO,SRA050912,,public,26DBB713DF55EBE87720FF60AB94A4A5,2760CF90F5629B439B206DB13A3CF8B3
SRR491021,2013-08-12 09:14:56,2013-08-12 09:14:56,29603623,2960362300,0,100,1927,,ftp://ftp-trace.ncbi.nlm.nih.gov/sra/sra-instant/reads/ByRun/sra/SRR/SRR491/SRR491021/SRR491021.sra,SRX144400,GSM922206: Late blastocyst #2 -Cell#1,RNA-Seq,cDNA,TRANSCRIPTOMIC,SINGLE,0,0,ILLUMINA,Illumina HiSeq 2000,SRP011546,GSE36552,23934149,153427,SRS310991,SAMN00989175,9606,Homo sapiens,GSM922206,,,,,,,no,,,,,GEO,SRA050912,,public,277C77733394C8B5C13FCFE5995E99A4,39D04C4E81DDF1A7E1BE3E65ABDB7271
SRR491022,2013-08-12 09:14:56,2013-08-12 09:14:56,28529812,2852981200,0,100,1876,,ftp://ftp-trace.ncbi.nlm.nih.gov/sra/sra-instant/reads/ByRun/sra/SRR/SRR491/SRR491022/SRR491022.sra,SRX144401,GSM922207: Late blastocyst #2 -Cell#2,RNA-Seq,cDNA,TRANSCRIPTOMIC,SINGLE,0,0,ILLUMINA,Illumina HiSeq 2000,SRP011546,GSE36552,23934149,153427,SRS310992,SAMN00989176,9606,Homo sapiens,GSM922207,,,,,,,no,,,,,GEO,SRA050912,,public,53B81F27F91E2F40E3E8C0B53B5C79AA,059DCB3202AF6D98943C0345A757E874
SRR491023,2013-08-12 09:14:56,2013-08-12 09:14:56,23093630,2309363000,0,100,1516,,ftp://ftp-trace.ncbi.nlm.nih.gov/sra/sra-instant/reads/ByRun/sra/SRR/SRR491/SRR491023/SRR491023.sra,SRX144402,GSM922208: Late blastocyst #2 -Cell#3,RNA-Seq,cDNA,TRANSCRIPTOMIC,SINGLE,0,0,ILLUMINA,Illumina HiSeq 2000,SRP011546,GSE36552,23934149,153427,SRS310993,SAMN00989177,9606,Homo sapiens,GSM922208,,,,,,,no,,,,,GEO,SRA050912,,public,BEE418D31D07B48AE9BD577E769E469B,DDBB9340965FFB55E389657263DAECB9
SRR491024,2013-08-12 09:14:56,2013-08-12 09:14:56,25389531,2538953100,0,100,1673,,ftp://ftp-trace.ncbi.nlm.nih.gov/sra/sra-instant/reads/ByRun/sra/SRR/SRR491/SRR491024/SRR491024.sra,SRX144403,GSM922209: Late blastocyst #2 -Cell#4,RNA-Seq,cDNA,TRANSCRIPTOMIC,SINGLE,0,0,ILLUMINA,Illumina HiSeq 2000,SRP011546,GSE36552,23934149,153427,SRS310994,SAMN00989178,9606,Homo sapiens,GSM922209,,,,,,,no,,,,,GEO,SRA050912,,public,9C9C39B89CE5773886AF4DEC2FC18992,2FCFA0A4CF00F7A1A1C92D970419E4C7
SRR491025,2013-08-12 09:14:56,2013-08-12 09:14:56,25602797,2560279700,0,100,1681,,ftp://ftp-trace.ncbi.nlm.nih.gov/sra/sra-instant/reads/ByRun/sra/SRR/SRR491/SRR491025/SRR491025.sra,SRX144404,GSM922210: Late blastocyst #2 -Cell#5,RNA-Seq,cDNA,TRANSCRIPTOMIC,SINGLE,0,0,ILLUMINA,Illumina HiSeq 2000,SRP011546,GSE36552,23934149,153427,SRS310995,SAMN00989179,9606,Homo sapiens,GSM922210,,,,,,,no,,,,,GEO,SRA050912,,public,B9E9A5A8C9750CB248F624635F88DEB1,FCF5162B792CED6883BB4671599B68FB
SRR491026,2013-08-12 09:14:56,2013-08-12 09:14:56,27784567,2778456700,0,100,1820,,ftp://ftp-trace.ncbi.nlm.nih.gov/sra/sra-instant/reads/ByRun/sra/SRR/SRR491/SRR491026/SRR491026.sra,SRX144405,GSM922211: Late blastocyst #2 -Cell#6,RNA-Seq,cDNA,TRANSCRIPTOMIC,SINGLE,0,0,ILLUMINA,Illumina HiSeq 2000,SRP011546,GSE36552,23934149,153427,SRS310996,SAMN00989180,9606,Homo sapiens,GSM922211,,,,,,,no,,,,,GEO,SRA050912,,public,6FE243662945DC009E43BB377CFE3B58,51A5C15D4ECF7E0757A51ACA1EBF6446
SRR491027,2013-08-12 09:14:56,2013-08-12 09:14:56,18508055,1850805500,0,100,1214,,ftp://ftp-trace.ncbi.nlm.nih.gov/sra/sra-instant/reads/ByRun/sra/SRR/SRR491/SRR491027/SRR491027.sra,SRX144406,GSM922212: Late blastocyst #2 -Cell#7,RNA-Seq,cDNA,TRANSCRIPTOMIC,SINGLE,0,0,ILLUMINA,Illumina HiSeq 2000,SRP011546,GSE36552,23934149,153427,SRS310997,SAMN00989181,9606,Homo sapiens,GSM922212,,,,,,,no,,,,,GEO,SRA050912,,public,E61E3DEBC499014B0AF745ACAA9A1EF1,8D01FCA53B86A94CE201934093CA9D61
SRR491028,2013-08-12 09:14:56,2013-08-12 09:14:56,22586541,2258654100,0,100,1490,,ftp://ftp-trace.ncbi.nlm.nih.gov/sra/sra-instant/reads/ByRun/sra/SRR/SRR491/SRR491028/SRR491028.sra,SRX144407,GSM922213: Late blastocyst #2 -Cell#8,RNA-Seq,cDNA,TRANSCRIPTOMIC,SINGLE,0,0,ILLUMINA,Illumina HiSeq 2000,SRP011546,GSE36552,23934149,153427,SRS310998,SAMN00989182,9606,Homo sapiens,GSM922213,,,,,,,no,,,,,GEO,SRA050912,,public,538D1044F86525349DFF009B47053509,62616F9829B59F15DAF1FB4537AF9B14
SRR491029,2013-08-12 09:14:56,2013-08-12 09:14:56,34008734,3400873400,0,100,2225,,ftp://ftp-trace.ncbi.nlm.nih.gov/sra/sra-instant/reads/ByRun/sra/SRR/SRR491/SRR491029/SRR491029.sra,SRX144408,GSM922214: Late blastocyst #2 -Cell#9,RNA-Seq,cDNA,TRANSCRIPTOMIC,SINGLE,0,0,ILLUMINA,Illumina HiSeq 2000,SRP011546,GSE36552,23934149,153427,SRS310999,SAMN00989183,9606,Homo sapiens,GSM922214,,,,,,,no,,,,,GEO,SRA050912,,public,37B813B79485F770FF2ED1B58CA82155,D004FC594237385C5246A4022CDB1E15
SRR491030,2013-08-12 09:14:56,2013-08-12 09:14:56,34769139,3476913900,0,100,2280,,ftp://ftp-trace.ncbi.nlm.nih.gov/sra/sra-instant/reads/ByRun/sra/SRR/SRR491/SRR491030/SRR491030.sra,SRX144409,GSM922215: Late blastocyst #2 -Cell#10,RNA-Seq,cDNA,TRANSCRIPTOMIC,SINGLE,0,0,ILLUMINA,Illumina HiSeq 2000,SRP011546,GSE36552,23934149,153427,SRS311000,SAMN00989184,9606,Homo sapiens,GSM922215,,,,,,,no,,,,,GEO,SRA050912,,public,ACB6E1FFBEA3ACA6537DC780C043B393,7D5B1020E83D767835417578326500F7
SRR491031,2013-08-12 09:14:56,2013-08-12 09:14:56,49011417,4901141700,0,100,3258,,ftp://ftp-trace.ncbi.nlm.nih.gov/sra/sra-instant/reads/ByRun/sra/SRR/SRR491/SRR491031/SRR491031.sra,SRX144410,GSM922216: Late blastocyst #3 -Cell#1,RNA-Seq,cDNA,TRANSCRIPTOMIC,SINGLE,0,0,ILLUMINA,Illumina HiSeq 2000,SRP011546,GSE36552,23934149,153427,SRS311001,SAMN00989185,9606,Homo sapiens,GSM922216,,,,,,,no,,,,,GEO,SRA050912,,public,146AE6154C5C91E4BD046D92BBAEB1D3,5447D9087D66EA2166ACE475BCF74E20
SRR491032,2013-08-12 09:14:56,2013-08-12 09:14:56,40081215,4008121500,0,100,2659,,ftp://ftp-trace.ncbi.nlm.nih.gov/sra/sra-instant/reads/ByRun/sra/SRR/SRR491/SRR491032/SRR491032.sra,SRX144411,GSM922217: Late blastocyst #3 -Cell#2,RNA-Seq,cDNA,TRANSCRIPTOMIC,SINGLE,0,0,ILLUMINA,Illumina HiSeq 2000,SRP011546,GSE36552,23934149,153427,SRS311002,SAMN00989186,9606,Homo sapiens,GSM922217,,,,,,,no,,,,,GEO,SRA050912,,public,4D337B082811CF98108F558728D58C9F,145A5BC4EC6CAA0B1959AF53E7EA5752
SRR491033,2013-08-12 09:14:56,2013-08-12 09:14:56,29963595,2996359500,0,100,1990,,ftp://ftp-trace.ncbi.nlm.nih.gov/sra/sra-instant/reads/ByRun/sra/SRR/SRR491/SRR491033/SRR491033.sra,SRX144412,GSM922218: Late blastocyst #3 -Cell#3,RNA-Seq,cDNA,TRANSCRIPTOMIC,SINGLE,0,0,ILLUMINA,Illumina HiSeq 2000,SRP011546,GSE36552,23934149,153427,SRS311003,SAMN00989187,9606,Homo sapiens,GSM922218,,,,,,,no,,,,,GEO,SRA050912,,public,F7DD6B5C269062215E3FD07D15855B51,6AB3D867C62DD58C1300A15CE244D14F
SRR491034,2013-08-12 09:14:56,2013-08-12 09:14:56,36973487,3697348700,0,100,2459,,ftp://ftp-trace.ncbi.nlm.nih.gov/sra/sra-instant/reads/ByRun/sra/SRR/SRR491/SRR491034/SRR491034.sra,SRX144413,GSM922219: Late blastocyst #3 -Cell#4,RNA-Seq,cDNA,TRANSCRIPTOMIC,SINGLE,0,0,ILLUMINA,Illumina HiSeq 2000,SRP011546,GSE36552,23934149,153427,SRS311004,SAMN00989188,9606,Homo sapiens,GSM922219,,,,,,,no,,,,,GEO,SRA050912,,public,E40E9FBF9E34D0C8C2E87D64057620E6,A2FEBB1EEEF172CFBD166F913529CB07
SRR491035,2013-08-12 09:14:56,2013-08-12 09:14:56,33001818,3300181800,0,100,2196,,ftp://ftp-trace.ncbi.nlm.nih.gov/sra/sra-instant/reads/ByRun/sra/SRR/SRR491/SRR491035/SRR491035.sra,SRX144414,GSM922220: Late blastocyst #3 -Cell#5,RNA-Seq,cDNA,TRANSCRIPTOMIC,SINGLE,0,0,ILLUMINA,Illumina HiSeq 2000,SRP011546,GSE36552,23934149,153427,SRS311005,SAMN00989189,9606,Homo sapiens,GSM922220,,,,,,,no,,,,,GEO,SRA050912,,public,C1A1D335A7294DD1AAF62F3A27AD731A,DA0B38095FCAA99A9D392CD84F2C0BF1
SRR491036,2013-08-12 09:14:56,2013-08-12 09:14:56,37618053,3761805300,0,100,2491,,ftp://ftp-trace.ncbi.nlm.nih.gov/sra/sra-instant/reads/ByRun/sra/SRR/SRR491/SRR491036/SRR491036.sra,SRX144415,GSM922221: Late blastocyst #3 -Cell#6,RNA-Seq,cDNA,TRANSCRIPTOMIC,SINGLE,0,0,ILLUMINA,Illumina HiSeq 2000,SRP011546,GSE36552,23934149,153427,SRS311006,SAMN00989190,9606,Homo sapiens,GSM922221,,,,,,,no,,,,,GEO,SRA050912,,public,4E0B1B3573B520EEF68AB2B0DB89DB16,CBFBAE771768D16693488B605737DC34
SRR491037,2013-08-12 09:14:56,2013-08-12 09:14:56,39391742,3939174200,0,100,2592,,ftp://ftp-trace.ncbi.nlm.nih.gov/sra/sra-instant/reads/ByRun/sra/SRR/SRR491/SRR491037/SRR491037.sra,SRX144416,GSM922222: Late blastocyst #3 -Cell#7,RNA-Seq,cDNA,TRANSCRIPTOMIC,SINGLE,0,0,ILLUMINA,Illumina HiSeq 2000,SRP011546,GSE36552,23934149,153427,SRS311007,SAMN00989191,9606,Homo sapiens,GSM922222,,,,,,,no,,,,,GEO,SRA050912,,public,95897A9D921DA24093D1102E6B5DFB37,BFFCC0F5A071768828D62278572070BB
SRR491038,2013-08-12 09:14:56,2013-08-12 09:14:56,47512972,4751297200,0,100,3118,,ftp://ftp-trace.ncbi.nlm.nih.gov/sra/sra-instant/reads/ByRun/sra/SRR/SRR491/SRR491038/SRR491038.sra,SRX144417,GSM922223: Late blastocyst #3 -Cell#8,RNA-Seq,cDNA,TRANSCRIPTOMIC,SINGLE,0,0,ILLUMINA,Illumina HiSeq 2000,SRP011546,GSE36552,23934149,153427,SRS311008,SAMN00989192,9606,Homo sapiens,GSM922223,,,,,,,no,,,,,GEO,SRA050912,,public,9F499043CD7B79250ACCE634EDCFDE80,87CD02E898E1E62E70F9986BF79C4694
SRR491039,2013-08-12 09:14:56,2013-08-12 09:14:56,27315084,2731508400,0,100,1792,,ftp://ftp-trace.ncbi.nlm.nih.gov/sra/sra-instant/reads/ByRun/sra/SRR/SRR491/SRR491039/SRR491039.sra,SRX144418,GSM922224: hESC passage#0 -Cell#4,RNA-Seq,cDNA,TRANSCRIPTOMIC,SINGLE,0,0,ILLUMINA,Illumina HiSeq 2000,SRP011546,GSE36552,23934149,153427,SRS311009,SAMN00989193,9606,Homo sapiens,GSM922224,,,,,,,no,,,,,GEO,SRA050912,,public,50F03A49A75AE58DBE3B32AE8E624529,05A5CA6228EA5CDC3E520F512239D0F1
SRR491040,2013-08-12 09:14:56,2013-08-12 09:14:56,26676696,2667669600,0,100,1748,,ftp://ftp-trace.ncbi.nlm.nih.gov/sra/sra-instant/reads/ByRun/sra/SRR/SRR491/SRR491040/SRR491040.sra,SRX144419,GSM922225: hESC passage#0 -Cell#5,RNA-Seq,cDNA,TRANSCRIPTOMIC,SINGLE,0,0,ILLUMINA,Illumina HiSeq 2000,SRP011546,GSE36552,23934149,153427,SRS311010,SAMN00989194,9606,Homo sapiens,GSM922225,,,,,,,no,,,,,GEO,SRA050912,,public,5EAE99DBE66F1F5FFC45CB99514C5F4B,D17F3DDE3495018A9840C867FA10B522
SRR491041,2013-08-12 09:14:56,2013-08-12 09:14:56,24407335,2440733500,0,100,1599,,ftp://ftp-trace.ncbi.nlm.nih.gov/sra/sra-instant/reads/ByRun/sra/SRR/SRR491/SRR491041/SRR491041.sra,SRX144420,GSM922226: hESC passage#0 -Cell#6,RNA-Seq,cDNA,TRANSCRIPTOMIC,SINGLE,0,0,ILLUMINA,Illumina HiSeq 2000,SRP011546,GSE36552,23934149,153427,SRS311011,SAMN00989195,9606,Homo sapiens,GSM922226,,,,,,,no,,,,,GEO,SRA050912,,public,562C30312E1B93643BCB867E01357D83,50F6EA7E9BF97AA4B7D79A3E4BB2590C
SRR491042,2013-08-12 09:14:56,2013-08-12 09:14:56,19547616,1954761600,0,100,1279,,ftp://ftp-trace.ncbi.nlm.nih.gov/sra/sra-instant/reads/ByRun/sra/SRR/SRR491/SRR491042/SRR491042.sra,SRX144421,GSM922227: hESC passage#0 -Cell#7,RNA-Seq,cDNA,TRANSCRIPTOMIC,SINGLE,0,0,ILLUMINA,Illumina HiSeq 2000,SRP011546,GSE36552,23934149,153427,SRS311012,SAMN00989196,9606,Homo sapiens,GSM922227,,,,,,,no,,,,,GEO,SRA050912,,public,B9BDD2C59295A409E4CFBC43E421A93C,18527A8A3D3CF45407F55C2FE949B434
SRR491043,2013-08-12 09:14:56,2013-08-12 09:14:56,29723853,2972385300,0,100,1941,,ftp://ftp-trace.ncbi.nlm.nih.gov/sra/sra-instant/reads/ByRun/sra/SRR/SRR491/SRR491043/SRR491043.sra,SRX144422,GSM922228: hESC passage#0 -Cell#8,RNA-Seq,cDNA,TRANSCRIPTOMIC,SINGLE,0,0,ILLUMINA,Illumina HiSeq 2000,SRP011546,GSE36552,23934149,153427,SRS311013,SAMN00989197,9606,Homo sapiens,GSM922228,,,,,,,no,,,,,GEO,SRA050912,,public,9C0FC97A0663FF6A0300A22A342BD326,227E876FCBDD6CB728101339A660C309
SRR491045,2013-08-12 09:14:56,2013-08-12 09:14:56,20336393,2033639300,0,100,1335,,ftp://ftp-trace.ncbi.nlm.nih.gov/sra/sra-instant/reads/ByRun/sra/SRR/SRR491/SRR491045/SRR491045.sra,SRX144424,GSM922230: hESC passage#0 -Cell#10,RNA-Seq,cDNA,TRANSCRIPTOMIC,SINGLE,0,0,ILLUMINA,Illumina HiSeq 2000,SRP011546,GSE36552,23934149,153427,SRS311015,SAMN00989199,9606,Homo sapiens,GSM922230,,,,,,,no,,,,,GEO,SRA050912,,public,C4B94957822E8EB52C33F9ACAAC2E92F,07F70C693AFD7B9191EB9B67ACD893EA
SRR491065,2013-08-12 09:14:56,2013-08-12 09:14:56,42010797,4201079700,0,100,2607,,ftp://ftp-trace.ncbi.nlm.nih.gov/sra/sra-instant/reads/ByRun/sra/SRR/SRR491/SRR491065/SRR491065.sra,SRX144444,GSM922250: hESC passage#10 -Cell#1,RNA-Seq,cDNA,TRANSCRIPTOMIC,SINGLE,0,0,ILLUMINA,Illumina HiSeq 2000,SRP011546,GSE36552,23934149,153427,SRS311035,SAMN00989219,9606,Homo sapiens,GSM922250,,,,,,,no,,,,,GEO,SRA050912,,public,3B097F1F67F19981C340D7D39E375F8D,147C0ECD27AFD44E234916C0FF2F0B0B
SRR491066,2013-08-12 09:14:56,2013-08-12 09:14:56,42110391,4211039100,0,100,2630,,ftp://ftp-trace.ncbi.nlm.nih.gov/sra/sra-instant/reads/ByRun/sra/SRR/SRR491/SRR491066/SRR491066.sra,SRX144445,GSM922251: hESC passage#10 -Cell#2,RNA-Seq,cDNA,TRANSCRIPTOMIC,SINGLE,0,0,ILLUMINA,Illumina HiSeq 2000,SRP011546,GSE36552,23934149,153427,SRS311036,SAMN00989220,9606,Homo sapiens,GSM922251,,,,,,,no,,,,,GEO,SRA050912,,public,C9EB1CB10F0A2C2632E84A173521F090,48A8244E5E14EB7AE19C9B3BE664F0D4
SRR491067,2013-08-12 09:14:56,2013-08-12 09:14:56,34817667,3481766700,0,100,2175,,ftp://ftp-trace.ncbi.nlm.nih.gov/sra/sra-instant/reads/ByRun/sra/SRR/SRR491/SRR491067/SRR491067.sra,SRX144446,GSM922252: hESC passage#10 -Cell#3,RNA-Seq,cDNA,TRANSCRIPTOMIC,SINGLE,0,0,ILLUMINA,Illumina HiSeq 2000,SRP011546,GSE36552,23934149,153427,SRS311037,SAMN00989221,9606,Homo sapiens,GSM922252,,,,,,,no,,,,,GEO,SRA050912,,public,A8F1816707C95E30F1398E61916B9594,3245DD1E10B794901631806FDCDF4BE1
SRR491068,2013-08-12 09:14:56,2013-08-12 09:14:56,34687119,3468711900,0,100,2164,,ftp://ftp-trace.ncbi.nlm.nih.gov/sra/sra-instant/reads/ByRun/sra/SRR/SRR491/SRR491068/SRR491068.sra,SRX144447,GSM922253: hESC passage#10 -Cell#4,RNA-Seq,cDNA,TRANSCRIPTOMIC,SINGLE,0,0,ILLUMINA,Illumina HiSeq 2000,SRP011546,GSE36552,23934149,153427,SRS311038,SAMN00989222,9606,Homo sapiens,GSM922253,,,,,,,no,,,,,GEO,SRA050912,,public,B0FE9DE88496DEE3B6FAEA767632E225,5EEE6AC6B19AFA04082D6056DC3ACF8B
SRR491069,2013-08-12 09:14:56,2013-08-12 09:14:56,35782052,3578205200,0,100,2163,,ftp://ftp-trace.ncbi.nlm.nih.gov/sra/sra-instant/reads/ByRun/sra/SRR/SRR491/SRR491069/SRR491069.sra,SRX144448,GSM922254: hESC passage#10 -Cell#5,RNA-Seq,cDNA,TRANSCRIPTOMIC,SINGLE,0,0,ILLUMINA,Illumina HiSeq 2000,SRP011546,GSE36552,23934149,153427,SRS311039,SAMN00989223,9606,Homo sapiens,GSM922254,,,,,,,no,,,,,GEO,SRA050912,,public,1488073C60416103BEE0D54DBEB7613B,AF8CB287524991ED6A41CFD91EB488F6
SRR491070,2013-08-12 09:14:56,2013-08-12 09:14:56,33066571,3306657100,0,100,1990,,ftp://ftp-trace.ncbi.nlm.nih.gov/sra/sra-instant/reads/ByRun/sra/SRR/SRR491/SRR491070/SRR491070.sra,SRX144449,GSM922255: hESC passage#10 -Cell#6,RNA-Seq,cDNA,TRANSCRIPTOMIC,SINGLE,0,0,ILLUMINA,Illumina HiSeq 2000,SRP011546,GSE36552,23934149,153427,SRS311040,SAMN00989224,9606,Homo sapiens,GSM922255,,,,,,,no,,,,,GEO,SRA050912,,public,0E4F8870E9EAFE2BCB36F221008AF9C4,3252E28F3A3CBCD23B2AF93CC3BD7490
SRR491071,2013-08-12 09:14:56,2013-08-12 09:14:56,27620142,2762014200,0,100,1661,,ftp://ftp-trace.ncbi.nlm.nih.gov/sra/sra-instant/reads/ByRun/sra/SRR/SRR491/SRR491071/SRR491071.sra,SRX144450,GSM922256: hESC passage#10 -Cell#7,RNA-Seq,cDNA,TRANSCRIPTOMIC,SINGLE,0,0,ILLUMINA,Illumina HiSeq 2000,SRP011546,GSE36552,23934149,153427,SRS311041,SAMN00989225,9606,Homo sapiens,GSM922256,,,,,,,no,,,,,GEO,SRA050912,,public,022D283F0CC5E692396265E752C1A4CF,968559B3775692F922C2E8C8A5945CFA
SRR491072,2013-08-12 09:14:56,2013-08-12 09:14:56,24893079,2489307900,0,100,1496,,ftp://ftp-trace.ncbi.nlm.nih.gov/sra/sra-instant/reads/ByRun/sra/SRR/SRR491/SRR491072/SRR491072.sra,SRX144451,GSM922257: hESC passage#10 -Cell#8,RNA-Seq,cDNA,TRANSCRIPTOMIC,SINGLE,0,0,ILLUMINA,Illumina HiSeq 2000,SRP011546,GSE36552,23934149,153427,SRS311042,SAMN00989226,9606,Homo sapiens,GSM922257,,,,,,,no,,,,,GEO,SRA050912,,public,90A01FDA682FAD4D86B57507E969B08E,768C1C1E656D3EEAEBDF581632FC03E4
SRR491073,2013-08-12 09:14:56,2013-08-12 09:14:56,32280516,3228051600,0,100,2022,,ftp://ftp-trace.ncbi.nlm.nih.gov/sra/sra-instant/reads/ByRun/sra/SRR/SRR491/SRR491073/SRR491073.sra,SRX144452,GSM922258: hESC passage#10 -Cell#9,RNA-Seq,cDNA,TRANSCRIPTOMIC,SINGLE,0,0,ILLUMINA,Illumina HiSeq 2000,SRP011546,GSE36552,23934149,153427,SRS311043,SAMN00989227,9606,Homo sapiens,GSM922258,,,,,,,no,,,,,GEO,SRA050912,,public,37E65A2746A6662446E2EB685B63F6CB,8C60D1558907472DFEB5FB0DC9051103
SRR491074,2013-08-12 09:14:56,2013-08-12 09:14:56,33945612,3394561200,0,100,2115,,ftp://ftp-trace.ncbi.nlm.nih.gov/sra/sra-instant/reads/ByRun/sra/SRR/SRR491/SRR491074/SRR491074.sra,SRX144453,GSM922259: hESC passage#10 -Cell#10,RNA-Seq,cDNA,TRANSCRIPTOMIC,SINGLE,0,0,ILLUMINA,Illumina HiSeq 2000,SRP011546,GSE36552,23934149,153427,SRS311044,SAMN00989228,9606,Homo sapiens,GSM922259,,,,,,,no,,,,,GEO,SRA050912,,public,73799D4D9EBB1C1ACBF82311DBD14D63,BA98CD3CA9B555F22E80ADAACD5DA81D
SRR491075,2013-08-12 09:14:56,2013-08-12 09:14:56,38820522,3882052200,0,100,2410,,ftp://ftp-trace.ncbi.nlm.nih.gov/sra/sra-instant/reads/ByRun/sra/SRR/SRR491/SRR491075/SRR491075.sra,SRX144454,GSM922260: hESC passage#10 -Cell#11,RNA-Seq,cDNA,TRANSCRIPTOMIC,SINGLE,0,0,ILLUMINA,Illumina HiSeq 2000,SRP011546,GSE36552,23934149,153427,SRS311045,SAMN00989229,9606,Homo sapiens,GSM922260,,,,,,,no,,,,,GEO,SRA050912,,public,84909927493B19749F0081B025305030,6F0D08E4C0683C29D4AD7093E593F9C9
SRR491076,2013-08-12 09:14:56,2013-08-12 09:14:56,33715762,3371576200,0,100,2224,,ftp://ftp-trace.ncbi.nlm.nih.gov/sra/sra-instant/reads/ByRun/sra/SRR/SRR491/SRR491076/SRR491076.sra,SRX144455,GSM922261: hESC passage#10 -Cell#12,RNA-Seq,cDNA,TRANSCRIPTOMIC,SINGLE,0,0,ILLUMINA,Illumina HiSeq 2000,SRP011546,GSE36552,23934149,153427,SRS311046,SAMN00989230,9606,Homo sapiens,GSM922261,,,,,,,no,,,,,GEO,SRA050912,,public,9CEAF246BFC0D8DC8758C68402474AAC,B23DFCCC5E802E9A368177769A5FE26B
SRR491077,2013-08-12 09:14:56,2013-08-12 09:14:56,31140174,3114017400,0,100,2048,,ftp://ftp-trace.ncbi.nlm.nih.gov/sra/sra-instant/reads/ByRun/sra/SRR/SRR491/SRR491077/SRR491077.sra,SRX144456,GSM922262: hESC passage#10 -Cell#13,RNA-Seq,cDNA,TRANSCRIPTOMIC,SINGLE,0,0,ILLUMINA,Illumina HiSeq 2000,SRP011546,GSE36552,23934149,153427,SRS311047,SAMN00989231,9606,Homo sapiens,GSM922262,,,,,,,no,,,,,GEO,SRA050912,,public,E998746CF0CC8DDB4C8765A86CBDE18E,299F2ECBDBB4711525B3956EF2BB02E0
SRR491078,2013-08-12 09:14:56,2013-08-12 09:14:56,28783950,2878395000,0,100,1894,,ftp://ftp-trace.ncbi.nlm.nih.gov/sra/sra-instant/reads/ByRun/sra/SRR/SRR491/SRR491078/SRR491078.sra,SRX144457,GSM922263: hESC passage#10 -Cell#14,RNA-Seq,cDNA,TRANSCRIPTOMIC,SINGLE,0,0,ILLUMINA,Illumina HiSeq 2000,SRP011546,GSE36552,23934149,153427,SRS311048,SAMN00989232,9606,Homo sapiens,GSM922263,,,,,,,no,,,,,GEO,SRA050912,,public,ACF22D75C7F65B0FD6312BB62EFEF83E,D6C9AB2BBD16524EA288C446400DE568
SRR491079,2013-08-12 09:14:56,2013-08-12 09:14:56,28843064,2884306400,0,100,1907,,ftp://ftp-trace.ncbi.nlm.nih.gov/sra/sra-instant/reads/ByRun/sra/SRR/SRR491/SRR491079/SRR491079.sra,SRX144458,GSM922264: hESC passage#10 -Cell#15,RNA-Seq,cDNA,TRANSCRIPTOMIC,SINGLE,0,0,ILLUMINA,Illumina HiSeq 2000,SRP011546,GSE36552,23934149,153427,SRS311049,SAMN00989233,9606,Homo sapiens,GSM922264,,,,,,,no,,,,,GEO,SRA050912,,public,900D715026749F8B68402DEA01C2B139,B8B17B3452AF1C2309800ED8CEB59D5A
SRR491080,2013-08-12 09:14:56,2013-08-12 09:14:56,35226222,3522622200,0,100,2283,,ftp://ftp-trace.ncbi.nlm.nih.gov/sra/sra-instant/reads/ByRun/sra/SRR/SRR491/SRR491080/SRR491080.sra,SRX144459,GSM922265: hESC passage#10 -Cell#16,RNA-Seq,cDNA,TRANSCRIPTOMIC,SINGLE,0,0,ILLUMINA,Illumina HiSeq 2000,SRP011546,GSE36552,23934149,153427,SRS311050,SAMN00989234,9606,Homo sapiens,GSM922265,,,,,,,no,,,,,GEO,SRA050912,,public,3FFD297DDDF99B711E762CFF73AB3221,9DF3935B74BB8974B6A1BF9A46C29B7B
SRR491081,2013-08-12 09:14:56,2013-08-12 09:14:56,30482645,3048264500,0,100,1974,,ftp://ftp-trace.ncbi.nlm.nih.gov/sra/sra-instant/reads/ByRun/sra/SRR/SRR491/SRR491081/SRR491081.sra,SRX144460,GSM922266: hESC passage#10 -Cell#17,RNA-Seq,cDNA,TRANSCRIPTOMIC,SINGLE,0,0,ILLUMINA,Illumina HiSeq 2000,SRP011546,GSE36552,23934149,153427,SRS311051,SAMN00989235,9606,Homo sapiens,GSM922266,,,,,,,no,,,,,GEO,SRA050912,,public,8F8F0BD16705338292B85CB5FD867A72,5F048C7911F9359CB803C6414FAFF975
SRR491082,2013-08-12 09:14:56,2013-08-12 09:14:56,37418616,3741861600,0,100,2427,,ftp://ftp-trace.ncbi.nlm.nih.gov/sra/sra-instant/reads/ByRun/sra/SRR/SRR491/SRR491082/SRR491082.sra,SRX144461,GSM922267: hESC passage#10 -Cell#18,RNA-Seq,cDNA,TRANSCRIPTOMIC,SINGLE,0,0,ILLUMINA,Illumina HiSeq 2000,SRP011546,GSE36552,23934149,153427,SRS311052,SAMN00989236,9606,Homo sapiens,GSM922267,,,,,,,no,,,,,GEO,SRA050912,,public,CFAE582FAAEDF178E3AE83792E2C928D,C5B6F394D4D4F114A16BD99AD83B5819
SRR491083,2013-08-12 09:14:56,2013-08-12 09:14:56,36795118,3679511800,0,100,2381,,ftp://ftp-trace.ncbi.nlm.nih.gov/sra/sra-instant/reads/ByRun/sra/SRR/SRR491/SRR491083/SRR491083.sra,SRX144462,GSM922268: hESC passage#10 -Cell#19,RNA-Seq,cDNA,TRANSCRIPTOMIC,SINGLE,0,0,ILLUMINA,Illumina HiSeq 2000,SRP011546,GSE36552,23934149,153427,SRS311053,SAMN00989237,9606,Homo sapiens,GSM922268,,,,,,,no,,,,,GEO,SRA050912,,public,3E80AC3090A3159B72C893CDFC5F199A,6D5D2D726BFD0EA1F99D70C29945A9A2
SRR491084,2013-08-12 09:14:56,2013-08-12 09:14:56,29116428,2911642800,0,100,1847,,ftp://ftp-trace.ncbi.nlm.nih.gov/sra/sra-instant/reads/ByRun/sra/SRR/SRR491/SRR491084/SRR491084.sra,SRX144463,GSM922269: hESC passage#10 -Cell#20,RNA-Seq,cDNA,TRANSCRIPTOMIC,SINGLE,0,0,ILLUMINA,Illumina HiSeq 2000,SRP011546,GSE36552,23934149,153427,SRS311054,SAMN00989238,9606,Homo sapiens,GSM922269,,,,,,,no,,,,,GEO,SRA050912,,public,873417DBE9595179B3C21B36096226AC,DD1490C4FDED3E9FCD09B275587073D3
SRR491085,2013-08-12 09:14:56,2013-08-12 09:14:56,30718135,3071813500,0,100,1991,,ftp://ftp-trace.ncbi.nlm.nih.gov/sra/sra-instant/reads/ByRun/sra/SRR/SRR491/SRR491085/SRR491085.sra,SRX144464,GSM922270: hESC passage#10 -Cell#21,RNA-Seq,cDNA,TRANSCRIPTOMIC,SINGLE,0,0,ILLUMINA,Illumina HiSeq 2000,SRP011546,GSE36552,23934149,153427,SRS311055,SAMN00989239,9606,Homo sapiens,GSM922270,,,,,,,no,,,,,GEO,SRA050912,,public,399830185125C3FF60F413A431CC0A96,470823D6B90F35810029D4BFEAA81D93
SRR491086,2013-08-12 09:14:56,2013-08-12 09:14:56,26970469,2697046900,0,100,1705,,ftp://ftp-trace.ncbi.nlm.nih.gov/sra/sra-instant/reads/ByRun/sra/SRR/SRR491/SRR491086/SRR491086.sra,SRX144465,GSM922271: hESC passage#10 -Cell#22,RNA-Seq,cDNA,TRANSCRIPTOMIC,SINGLE,0,0,ILLUMINA,Illumina HiSeq 2000,SRP011546,GSE36552,23934149,153427,SRS311056,SAMN00989240,9606,Homo sapiens,GSM922271,,,,,,,no,,,,,GEO,SRA050912,,public,C8C9A7623B1878E4F8209CF44818FC9B,11318DA8D2D53D1BF4550D63642CED97
SRR491087,2013-08-12 09:14:56,2013-08-12 09:14:56,34622909,3462290900,0,100,2200,,ftp://ftp-trace.ncbi.nlm.nih.gov/sra/sra-instant/reads/ByRun/sra/SRR/SRR491/SRR491087/SRR491087.sra,SRX144466,GSM922272: hESC passage#10 -Cell#23,RNA-Seq,cDNA,TRANSCRIPTOMIC,SINGLE,0,0,ILLUMINA,Illumina HiSeq 2000,SRP011546,GSE36552,23934149,153427,SRS311057,SAMN00989241,9606,Homo sapiens,GSM922272,,,,,,,no,,,,,GEO,SRA050912,,public,1CF825F4A4FB05631C78AB18E755ED11,C3B53164A308B9759E49C95E1EFF9F61
SRR491088,2013-08-12 09:14:56,2013-08-12 09:14:56,31428586,3142858600,0,100,1986,,ftp://ftp-trace.ncbi.nlm.nih.gov/sra/sra-instant/reads/ByRun/sra/SRR/SRR491/SRR491088/SRR491088.sra,SRX144467,GSM922273: hESC passage#10 -Cell#24,RNA-Seq,cDNA,TRANSCRIPTOMIC,SINGLE,0,0,ILLUMINA,Illumina HiSeq 2000,SRP011546,GSE36552,23934149,153427,SRS311058,SAMN00989242,9606,Homo sapiens,GSM922273,,,,,,,no,,,,,GEO,SRA050912,,public,8781BBDF19BFD227F38C97CAE722E96E,266C57044C138E9D7101F2F44A22D04B
SRR491089,2013-08-12 09:14:56,2013-08-12 09:14:56,31442433,3144243300,0,100,1986,,ftp://ftp-trace.ncbi.nlm.nih.gov/sra/sra-instant/reads/ByRun/sra/SRR/SRR491/SRR491089/SRR491089.sra,SRX144468,GSM922274: hESC passage#10 -Cell#25,RNA-Seq,cDNA,TRANSCRIPTOMIC,SINGLE,0,0,ILLUMINA,Illumina HiSeq 2000,SRP011546,GSE36552,23934149,153427,SRS311059,SAMN00989243,9606,Homo sapiens,GSM922274,,,,,,,no,,,,,GEO,SRA050912,,public,9D18306E8747E7D4B02075535E820B83,2606E4F7CF0E7B26548D807B459C047C
SRR491090,2013-08-12 09:14:56,2013-08-12 09:14:56,26962446,2696244600,0,100,1712,,ftp://ftp-trace.ncbi.nlm.nih.gov/sra/sra-instant/reads/ByRun/sra/SRR/SRR491/SRR491090/SRR491090.sra,SRX144469,GSM922275: hESC passage#10 -Cell#26,RNA-Seq,cDNA,TRANSCRIPTOMIC,SINGLE,0,0,ILLUMINA,Illumina HiSeq 2000,SRP011546,GSE36552,23934149,153427,SRS311060,SAMN00989244,9606,Homo sapiens,GSM922275,,,,,,,no,,,,,GEO,SRA050912,,public,60AF69D136A172C60B6D3D4E762DCCC8,2101AF75FFAF2FCB68892ABCA5574BAD
SRR445718,2013-08-12 09:14:56,2013-08-12 09:14:56,32943665,3294366500,0,100,2127,,ftp://ftp-trace.ncbi.nlm.nih.gov/sra/sra-instant/reads/ByRun/sra/SRR/SRR445/SRR445718/SRR445718.sra,SRX129997,GSM896803: Oocyte #1-C1,RNA-Seq,cDNA,TRANSCRIPTOMIC,SINGLE,0,0,ILLUMINA,Illumina HiSeq 2000,SRP011546,GSE36552,23934149,153427,SRS300731,SAMN00828830,9606,Homo sapiens,GSM896803,,,,,,,no,,,,,GEO,SRA050912,,public,3521F9280AB587E31ED8829D3C9FDABF,BE6A491F53FEB94E0C866B2DE38B903F
SRR445719,2013-08-12 09:14:56,2013-08-12 09:14:56,30690825,3069082500,0,100,1977,,ftp://ftp-trace.ncbi.nlm.nih.gov/sra/sra-instant/reads/ByRun/sra/SRR/SRR445/SRR445719/SRR445719.sra,SRX129998,GSM896804: Oocyte #1-C2,RNA-Seq,cDNA,TRANSCRIPTOMIC,SINGLE,0,0,ILLUMINA,Illumina HiSeq 2000,SRP011546,GSE36552,23934149,153427,SRS300732,SAMN00828831,9606,Homo sapiens,GSM896804,,,,,,,no,,,,,GEO,SRA050912,,public,DF1E3A92B5C07EF7362E28EE1FFF6BA0,F4E046A746ADC89F4C253E352C6AFFF2
SRR445720,2013-08-12 09:14:56,2013-08-12 09:14:56,25552876,2555287600,0,100,1650,,ftp://ftp-trace.ncbi.nlm.nih.gov/sra/sra-instant/reads/ByRun/sra/SRR/SRR445/SRR445720/SRR445720.sra,SRX129999,GSM896805: Oocyte #1-C3,RNA-Seq,cDNA,TRANSCRIPTOMIC,SINGLE,0,0,ILLUMINA,Illumina HiSeq 2000,SRP011546,GSE36552,23934149,153427,SRS300733,SAMN00828832,9606,Homo sapiens,GSM896805,,,,,,,no,,,,,GEO,SRA050912,,public,C2DEA630C2E61F2A5E0EAAE5B7D029CE,1656C2890F9E83EFEDFF2AC0A163FB07
SRR445721,2013-08-12 09:14:56,2013-08-12 09:14:56,36528347,3652834700,0,100,2160,,ftp://ftp-trace.ncbi.nlm.nih.gov/sra/sra-instant/reads/ByRun/sra/SRR/SRR445/SRR445721/SRR445721.sra,SRX130000,GSM896806: Zygote #1-C1,RNA-Seq,cDNA,TRANSCRIPTOMIC,SINGLE,0,0,ILLUMINA,Illumina HiSeq 2000,SRP011546,GSE36552,23934149,153427,SRS300734,SAMN00828833,9606,Homo sapiens,GSM896806,,,,,,,no,,,,,GEO,SRA050912,,public,431E386D51ECE1524509CAB1F7D567FE,5A48DCDF539A0901B66EA1D012BC4235
SRR445722,2013-08-12 09:14:56,2013-08-12 09:14:56,32865315,3286531500,0,100,1947,,ftp://ftp-trace.ncbi.nlm.nih.gov/sra/sra-instant/reads/ByRun/sra/SRR/SRR445/SRR445722/SRR445722.sra,SRX130001,GSM896807: Zygote #1-C2,RNA-Seq,cDNA,TRANSCRIPTOMIC,SINGLE,0,0,ILLUMINA,Illumina HiSeq 2000,SRP011546,GSE36552,23934149,153427,SRS300735,SAMN00828834,9606,Homo sapiens,GSM896807,,,,,,,no,,,,,GEO,SRA050912,,public,8F08901BDDD85CE9303433B7EBC4C91F,F5F6EF7BBF1286C9919B42E6F776A730
SRR445723,2013-08-12 09:14:56,2013-08-12 09:14:56,41057289,4105728900,0,100,2528,,ftp://ftp-trace.ncbi.nlm.nih.gov/sra/sra-instant/reads/ByRun/sra/SRR/SRR445/SRR445723/SRR445723.sra,SRX130002,GSM896808: Zygote #1-C3,RNA-Seq,cDNA,TRANSCRIPTOMIC,SINGLE,0,0,ILLUMINA,Illumina HiSeq 2000,SRP011546,GSE36552,23934149,153427,SRS300736,SAMN00828835,9606,Homo sapiens,GSM896808,,,,,,,no,,,,,GEO,SRA050912,,public,6D9839B2ABB08F2935CC2BA1AC7C1663,4CE3EE3693B7F1409B6BC07793F229B3
SRR445724,2013-08-12 09:14:56,2013-08-12 09:14:56,50896528,5089652800,0,100,3227,,ftp://ftp-trace.ncbi.nlm.nih.gov/sra/sra-instant/reads/ByRun/sra/SRR/SRR445/SRR445724/SRR445724.sra,SRX130003,GSM896809: 2-cell #1-C1,RNA-Seq,cDNA,TRANSCRIPTOMIC,SINGLE,0,0,ILLUMINA,Illumina HiSeq 2000,SRP011546,GSE36552,23934149,153427,SRS300737,SAMN00828836,9606,Homo sapiens,GSM896809,,,,,,,no,,,,,GEO,SRA050912,,public,F1DFF1DF7C9B8F6D221DD44B1F56AFDC,295CB3456888A5F84530B2CD4D8BBAC7
SRR445725,2013-08-12 09:14:56,2013-08-12 09:14:56,51954904,5195490400,0,100,3292,,ftp://ftp-trace.ncbi.nlm.nih.gov/sra/sra-instant/reads/ByRun/sra/SRR/SRR445/SRR445725/SRR445725.sra,SRX130004,GSM896810: 2-cell #1-C2,RNA-Seq,cDNA,TRANSCRIPTOMIC,SINGLE,0,0,ILLUMINA,Illumina HiSeq 2000,SRP011546,GSE36552,23934149,153427,SRS300738,SAMN00828837,9606,Homo sapiens,GSM896810,,,,,,,no,,,,,GEO,SRA050912,,public,E3A2102D85D70180186ED3414BD85F0B,2582F4BDBAA986C421438D9B0FF96A28
SRR445726,2013-08-12 09:14:56,2013-08-12 09:14:56,49180773,4918077300,0,100,3108,,ftp://ftp-trace.ncbi.nlm.nih.gov/sra/sra-instant/reads/ByRun/sra/SRR/SRR445/SRR445726/SRR445726.sra,SRX130005,GSM896811: 2-cell #2-C1,RNA-Seq,cDNA,TRANSCRIPTOMIC,SINGLE,0,0,ILLUMINA,Illumina HiSeq 2000,SRP011546,GSE36552,23934149,153427,SRS300739,SAMN00828838,9606,Homo sapiens,GSM896811,,,,,,,no,,,,,GEO,SRA050912,,public,59AC70DEC6504EB5BE30FE86A8D508A7,F7D664E269BB49B5B910185CD6C7E270
SRR445727,2013-08-12 09:14:56,2013-08-12 09:14:56,52518698,5251869800,0,100,3335,,ftp://ftp-trace.ncbi.nlm.nih.gov/sra/sra-instant/reads/ByRun/sra/SRR/SRR445/SRR445727/SRR445727.sra,SRX130006,GSM896812: 2-cell #2-C2,RNA-Seq,cDNA,TRANSCRIPTOMIC,SINGLE,0,0,ILLUMINA,Illumina HiSeq 2000,SRP011546,GSE36552,23934149,153427,SRS300740,SAMN00828839,9606,Homo sapiens,GSM896812,,,,,,,no,,,,,GEO,SRA050912,,public,22CF4CC35A5226429D75653D57519A83,6293233569B734D47AECF1F9F171E91B
SRR445728,2013-08-12 09:14:56,2013-08-12 09:14:56,48727188,4872718800,0,100,3114,,ftp://ftp-trace.ncbi.nlm.nih.gov/sra/sra-instant/reads/ByRun/sra/SRR/SRR445/SRR445728/SRR445728.sra,SRX130007,GSM896813: 2-cell #3-C1,RNA-Seq,cDNA,TRANSCRIPTOMIC,SINGLE,0,0,ILLUMINA,Illumina HiSeq 2000,SRP011546,GSE36552,23934149,153427,SRS300741,SAMN00828840,9606,Homo sapiens,GSM896813,,,,,,,no,,,,,GEO,SRA050912,,public,36F61F9712BECD46708284E21FBB6262,21F26660E76804BBD2FCD5B798CFD4EA
SRR445729,2013-08-12 09:14:56,2013-08-12 09:14:56,59155370,5915537000,0,100,3768,,ftp://ftp-trace.ncbi.nlm.nih.gov/sra/sra-instant/reads/ByRun/sra/SRR/SRR445/SRR445729/SRR445729.sra,SRX130008,GSM896814: 2-cell #3-C2,RNA-Seq,cDNA,TRANSCRIPTOMIC,SINGLE,0,0,ILLUMINA,Illumina HiSeq 2000,SRP011546,GSE36552,23934149,153427,SRS300742,SAMN00828841,9606,Homo sapiens,GSM896814,,,,,,,no,,,,,GEO,SRA050912,,public,8EF609E5E2AA5BF1C83B6E45D7CF6BF4,BF382C0A6ADC1A7273FB815CCA6A2859
SRR445730,2013-08-12 09:14:56,2013-08-12 09:14:56,31187123,3118712300,0,100,2047,,ftp://ftp-trace.ncbi.nlm.nih.gov/sra/sra-instant/reads/ByRun/sra/SRR/SRR445/SRR445730/SRR445730.sra,SRX130009,GSM896815: ES p0#1-C1,RNA-Seq,cDNA,TRANSCRIPTOMIC,SINGLE,0,0,ILLUMINA,Illumina HiSeq 2000,SRP011546,GSE36552,23934149,153427,SRS300743,SAMN00828842,9606,Homo sapiens,GSM896815,,,,,,,no,,,,,GEO,SRA050912,,public,0B39D4A5A754E6E1D3EB6828FFDC4F6F,3925E6062AF6A24F8C86F46CBCD5A62D
SRR445731,2013-08-12 09:14:56,2013-08-12 09:14:56,37288388,3728838800,0,100,2437,,ftp://ftp-trace.ncbi.nlm.nih.gov/sra/sra-instant/reads/ByRun/sra/SRR/SRR445/SRR445731/SRR445731.sra,SRX130010,GSM896816: ES p0#1-C2,RNA-Seq,cDNA,TRANSCRIPTOMIC,SINGLE,0,0,ILLUMINA,Illumina HiSeq 2000,SRP011546,GSE36552,23934149,153427,SRS300744,SAMN00828843,9606,Homo sapiens,GSM896816,,,,,,,no,,,,,GEO,SRA050912,,public,4955F319D53FF014387EA37E136D482D,EE4B3C1A9E9D49FCA378FDC34C028653
SRR490961,2013-08-12 09:14:56,2013-08-12 09:14:56,49127668,4912766800,0,100,3065,,ftp://ftp-trace.ncbi.nlm.nih.gov/sra/sra-instant/reads/ByRun/sra/SRR/SRR490/SRR490961/SRR490961.sra,SRX144340,GSM922146: 4-cell embryo#1 -Cell#1,RNA-Seq,cDNA,TRANSCRIPTOMIC,SINGLE,0,0,ILLUMINA,Illumina HiSeq 2000,SRP011546,GSE36552,23934149,153427,SRS310931,SAMN00989115,9606,Homo sapiens,GSM922146,,,,,,,no,,,,,GEO,SRA050912,,public,78D85D92A3F597FE96D2EB2DE9BBF9B9,CAE7DFEEB48CCB553557E8B8E92D574A
SRR490962,2013-08-12 09:14:56,2013-08-12 09:14:56,45583212,4558321200,0,100,2796,,ftp://ftp-trace.ncbi.nlm.nih.gov/sra/sra-instant/reads/ByRun/sra/SRR/SRR490/SRR490962/SRR490962.sra,SRX144341,GSM922147: 4-cell embryo#1 -Cell#2,RNA-Seq,cDNA,TRANSCRIPTOMIC,SINGLE,0,0,ILLUMINA,Illumina HiSeq 2000,SRP011546,GSE36552,23934149,153427,SRS310932,SAMN00989116,9606,Homo sapiens,GSM922147,,,,,,,no,,,,,GEO,SRA050912,,public,03872B872F245CF39829CD974F274FAE,556005F3B842CCBB072F5D91A229DEB7
SRR490963,2013-08-12 09:14:56,2013-08-12 09:14:56,47319865,4731986500,0,100,2800,,ftp://ftp-trace.ncbi.nlm.nih.gov/sra/sra-instant/reads/ByRun/sra/SRR/SRR490/SRR490963/SRR490963.sra,SRX144342,GSM922148: 4-cell embryo#1 -Cell#3,RNA-Seq,cDNA,TRANSCRIPTOMIC,SINGLE,0,0,ILLUMINA,Illumina HiSeq 2000,SRP011546,GSE36552,23934149,153427,SRS310933,SAMN00989117,9606,Homo sapiens,GSM922148,,,,,,,no,,,,,GEO,SRA050912,,public,AF6D1C126A46813F9FB1C56D862C48A1,91CE3852D5D9644D00C488FCAFA49610
SRR490964,2013-08-12 09:14:56,2013-08-12 09:14:56,31651487,3165148700,0,100,1941,,ftp://ftp-trace.ncbi.nlm.nih.gov/sra/sra-instant/reads/ByRun/sra/SRR/SRR490/SRR490964/SRR490964.sra,SRX144343,GSM922149: 4-cell embryo#1 -Cell#4,RNA-Seq,cDNA,TRANSCRIPTOMIC,SINGLE,0,0,ILLUMINA,Illumina HiSeq 2000,SRP011546,GSE36552,23934149,153427,SRS310934,SAMN00989118,9606,Homo sapiens,GSM922149,,,,,,,no,,,,,GEO,SRA050912,,public,9A55CBDAF53C21BB85D5F158A7645EEC,E8E7105A8F172E92C6C0C8D42F425A05
SRR490965,2013-08-12 09:14:56,2013-08-12 09:14:56,58021187,5802118700,0,100,3777,,ftp://ftp-trace.ncbi.nlm.nih.gov/sra/sra-instant/reads/ByRun/sra/SRR/SRR490/SRR490965/SRR490965.sra,SRX144344,GSM922150: 4-cell embryo#2 -Cell#1,RNA-Seq,cDNA,TRANSCRIPTOMIC,SINGLE,0,0,ILLUMINA,Illumina HiSeq 2000,SRP011546,GSE36552,23934149,153427,SRS310935,SAMN00989119,9606,Homo sapiens,GSM922150,,,,,,,no,,,,,GEO,SRA050912,,public,70EEAEC0FB292A1429D7DF6C53B50AB4,0A6B33B0FC30DA4597F04BB04CD74B72
SRR490966,2013-08-12 09:14:56,2013-08-12 09:14:56,53970537,5397053700,0,100,3509,,ftp://ftp-trace.ncbi.nlm.nih.gov/sra/sra-instant/reads/ByRun/sra/SRR/SRR490/SRR490966/SRR490966.sra,SRX144345,GSM922151: 4-cell embryo#2 -Cell#2,RNA-Seq,cDNA,TRANSCRIPTOMIC,SINGLE,0,0,ILLUMINA,Illumina HiSeq 2000,SRP011546,GSE36552,23934149,153427,SRS310936,SAMN00989120,9606,Homo sapiens,GSM922151,,,,,,,no,,,,,GEO,SRA050912,,public,5695082F3F589D21211D4E80AA060AB9,5026C3F4D49FE6C6E0A2615DE5E477EC
SRR490967,2013-08-12 09:14:56,2013-08-12 09:14:56,48487342,4848734200,0,100,3154,,ftp://ftp-trace.ncbi.nlm.nih.gov/sra/sra-instant/reads/ByRun/sra/SRR/SRR490/SRR490967/SRR490967.sra,SRX144346,GSM922152: 4-cell embryo#2 -Cell#3,RNA-Seq,cDNA,TRANSCRIPTOMIC,SINGLE,0,0,ILLUMINA,Illumina HiSeq 2000,SRP011546,GSE36552,23934149,153427,SRS310937,SAMN00989121,9606,Homo sapiens,GSM922152,,,,,,,no,,,,,GEO,SRA050912,,public,B59699EC26392E57F33384D2BD41863B,12C01BB813C37640BE18DA12136C4F05
SRR490968,2013-08-12 09:14:56,2013-08-12 09:14:56,62850846,6285084600,0,100,4092,,ftp://ftp-trace.ncbi.nlm.nih.gov/sra/sra-instant/reads/ByRun/sra/SRR/SRR490/SRR490968/SRR490968.sra,SRX144347,GSM922153: 4-cell embryo#2 -Cell#4,RNA-Seq,cDNA,TRANSCRIPTOMIC,SINGLE,0,0,ILLUMINA,Illumina HiSeq 2000,SRP011546,GSE36552,23934149,153427,SRS310938,SAMN00989122,9606,Homo sapiens,GSM922153,,,,,,,no,,,,,GEO,SRA050912,,public,D8735F9B893AC0E061455589B215538C,193D88A0CC76C9235065DD106B58549E
SRR490969,2013-08-12 09:14:56,2013-08-12 09:14:56,53928812,5392881200,0,100,3514,,ftp://ftp-trace.ncbi.nlm.nih.gov/sra/sra-instant/reads/ByRun/sra/SRR/SRR490/SRR490969/SRR490969.sra,SRX144348,GSM922154: 4-cell embryo#3 -Cell#1,RNA-Seq,cDNA,TRANSCRIPTOMIC,SINGLE,0,0,ILLUMINA,Illumina HiSeq 2000,SRP011546,GSE36552,23934149,153427,SRS310939,SAMN00989123,9606,Homo sapiens,GSM922154,,,,,,,no,,,,,GEO,SRA050912,,public,400B067F6BF68CD8EF4E24C9A5F6D87C,BB69B812B52626028FFB5DF348A4999E
SRR490970,2013-08-12 09:14:56,2013-08-12 09:14:56,52735750,5273575000,0,100,3438,,ftp://ftp-trace.ncbi.nlm.nih.gov/sra/sra-instant/reads/ByRun/sra/SRR/SRR490/SRR490970/SRR490970.sra,SRX144349,GSM922155: 4-cell embryo#3 -Cell#2,RNA-Seq,cDNA,TRANSCRIPTOMIC,SINGLE,0,0,ILLUMINA,Illumina HiSeq 2000,SRP011546,GSE36552,23934149,153427,SRS310940,SAMN00989124,9606,Homo sapiens,GSM922155,,,,,,,no,,,,,GEO,SRA050912,,public,2107AF6F756B52BAB646B4AB6842E8F5,5EA08D1694C0D328097F8F080A5F5BAE
